username,email,password
zunigadenise,fwalls@example.org,)c1QT+8pal
tcooper,saracole@example.org,2BJaMt$n(^
hahnjennifer,gsmith@example.org,a(85PERhxb
kaylabrown,owenkathryn@example.net,w&2Yf9_2UW
sullivanmichael,ruthcontreras@example.com,F^5fwHOjhO
rfowler,maciasdonna@example.net,_#&7G&w9R%
amandabaker,sarah48@example.org,pC)8o8BvB!
cobbelizabeth,larmstrong@example.com,@fa74dTrw3
craigatkins,jason83@example.com,o&P09Y9gwI
kurt63,howard48@example.org,ek9@NwUk!y
nicoleburton,gedwards@example.org,A@3(k3Ufj_
pfuentes,wongmelissa@example.com,JpJdwOa$+6
theresakramer,yconway@example.net,+h0lJTi861
fmiller,billyanderson@example.org,$%+wDOsgO5
ihernandez,aliciaharris@example.org,DgS4KK3*B*
tina49,lopezryan@example.org,(j$LMPQpm2
davidsmith,sylvia01@example.com,h_a7Or#vR#
isaiah00,michaelperez@example.net,1*1)IKwv!N
laceyturner,waltersbrandon@example.com,Kk708AJa#b
danielpratt,nicolebrown@example.net,Mz8UYk6I(#
scollins,waltonandrew@example.net,*3oOKBneg7
curtis14,rodriguezrobert@example.com,)tiK$5Ym0r
kimberly57,tammypalmer@example.org,8F67WJzmb(
adam29,mtaylor@example.com,YYgc8xRnK%
timothyblevins,emily17@example.org,!roXEJvx5j
xward,moralescheyenne@example.org,c5(vUEQy)O
cgalvan,cameronlarson@example.net,+30R3RRx1+
stephanie11,mendezchristian@example.net,k21C)^awC_
joel22,omartin@example.net,)3E7SpGlIv
joseph44,claytonperez@example.net,^Bu2Acw2P@
jgibson,dustinadkins@example.com,#fAYCda3_5
zcampbell,omurphy@example.net,+Za26*Tf0j
rachel72,patrickwarner@example.org,H!$3Y22pMb
bbell,tracyjackson@example.org,N9IKQ1nF*g
krystalpayne,elizabeth64@example.com,!6%Zo1#C#g
fbrown,josephschmidt@example.com,+9O3Lj9HL5
powelljennifer,andrewwarren@example.org,9g1e9Vp2+h
matthewmiller,rachelbush@example.net,GaJQJEsk*3
ntaylor,janetmorris@example.org,%2g50X4z+v
gabrielweaver,rodney39@example.net,&_RTwcobQ7
bryansanders,alexisrogers@example.net,A_T!0rMtO5
bianca72,xmartin@example.com,RX9IpT4P_7
qbrown,ericawilcox@example.com,w$E^73CH0q
gabriellenorris,danny03@example.com,0#_36VOtv4
christina39,bmcgee@example.com,Zd^7LVgOCP
martinchristian,conniegonzalez@example.org,+mzHLe4a#1
markowen,gtucker@example.net,_3Fd1ne@t1
davidmiller,thomassanchez@example.net,%q1QpWo2MN
rogerarnold,robertbanks@example.com,C6^hN8vC%v
rossdave,jamesmckenzie@example.org,$d&0JsYDlS
felicia80,nancy66@example.org,$$HSAL7g67
zhart,llong@example.com,j89NI$y6%b
stephenmadden,strongvictor@example.net,*ZrSkxcth0
amyjensen,grantrobert@example.net,(IUQ_Qz*f0
gcooke,abernard@example.org,7)3vVJwkx(
justin94,wcombs@example.net,!1ve+NVetF
stephen07,qkoch@example.net,)Knw2QrbE0
jenniferhouston,ipatterson@example.org,9uIQtP6u*L
mitchellbrianna,doris72@example.org,CW2ALi9n#6
perryjames,smithjamie@example.net,g(4Bo^ocXG
laura75,alexis24@example.org,T5*!hTuH&l
jeffreymorris,kim47@example.com,p6ZD+tDm_v
martinezchristine,corey38@example.net,*EjaNrTnH7
richardmoody,aingram@example.org,C0aLF*q++i
christinejohnson,qkaiser@example.com,CJ^7PGFtHG
michael81,sarahwatson@example.org,@34P)MGtvB
cynthiachavez,patrick33@example.com,v6TXOITf_i
laura57,ronald90@example.org,!eaBryfC5v
jenkinsandrea,john49@example.com,)7KfNon+2q
smithjames,luis00@example.org,_tCYKjC(Q9
weaveranna,jessica21@example.net,my_48WRk$$
bateslisa,jacksonkelly@example.net,YBX5QTVq@4
jacobdavid,justin47@example.net,po7MK9d&q$
wfuentes,lhansen@example.net,I*89VlGvvg
simsandrew,kathleen14@example.org,@ZXvogLZO9
barnesadam,devinnichols@example.org,K!QG2SwaVv
hilljenny,mooregregory@example.net,_vM4OLzp*8
heathercarpenter,amber24@example.net,!CZvzKuTJ4
carterjohn,alexandriakelly@example.net,(At2KXFej^
ntaylor,millscody@example.net,6B3Y0YOr!d
zhill,jaguirre@example.org,L!0DkT+&m2
ashleycastillo,hermanbrittany@example.org,ze!2TLpeV$
thomasadams,brendaarmstrong@example.org,3631A$t7*X
xanderson,pamela52@example.org,+116XpKz#6
rrodriguez,tammy57@example.com,*6Nc8MvPPI
varias,john21@example.net,^XDjmxSxa4
chelsea48,amandaphillips@example.com,oBeNac4x$2
catherinerobinson,smithjessica@example.org,t5K*#n!r)L
moorechristopher,robinzavala@example.net,#sP3GZyCL@
norrisdavid,hesterreginald@example.org,oi8C6)yYn(
janet98,shelby63@example.com,J9y2InCk#A
bowmanmisty,jonathanpham@example.com,%&8f&ZOwE@
brittanyfreeman,anthony25@example.net,*@YUSr**97
qgibson,gregoryvang@example.com,y&mirZvu&3
ballardrichard,millersandra@example.net,t+4NLLM&6k
woconnell,duartegail@example.org,sw@9dNbel@
jerry57,petermorrison@example.org,O*(2uAf#)P
lewisdalton,curtisochoa@example.net,3RSS3%k5(_
xfreeman,zriggs@example.org,2@A7No$x)$
lindseygraham,stuartjones@example.org,T1qKIUQt+!
